id,username,group_id,tenant_id
1810,smalla,38,1
1807,bikram,38,1
1809,gmspcmov,38,1
1811,monlucha,38,1
1816,krskucyk,38,1
1814,bridnash,38,1
1812,mcawley,38,1
1818,nboerner,38,1
1667,SGXCBC,37,1
1760,jluludis,37,1
1653,FZ8XG0,37,1
1775,LNHNUA,37,1
1770,JMHXGX,37,1
1658,RZD1MZ,37,1
1777,MNQSCB,37,1
1652,bikram,37,1
1655,HZQMB2,37,1
1654,HZQMB2,37,1
1660,mklucens,37,1
1657,VZRR2Y,37,1
1663,CZPLBC,37,1
1671,CBWYRZ,37,1
1669,CWKPSZ,37,1
1661,john,37,1
1656,XZZN0R,37,1
1776,YXNPNG,37,1
1778,EXCHND,37,1
1505,DZSVRD,33,1
1504,DZ2MX6,33,1
1521,shonkaj,33,1
1619,Iyatshyn,33,1
1558,KZSF63,33,1
1498,KZ70ZD,33,1
1582,alexey,33,1
1613,acommins,33,1
1761,jluludis,33,1
1494,testuser,33,1
1491,bikram,33,1
1500,FZJMZF,33,1
1499,cz4p81,33,1
1497,rzg5bj,33,1
1503,mzl8yg,33,1
1502,nzzzlz,33,1
1496,zzqqc5,33,1
1526,QZPPGQ,33,1
1562,YZC9YM,33,1
1596,jchristina,33,1
1604,kbalboa,33,1
1585,alexey,32,1
1430,XZ354Z,32,1
1025,cz4p81,32,1
1026,FZJMZF,32,1
1027,bikram,32,1
1028,john,32,1
1029,mklucens,32,1
1030,wz0sgf,32,1
1495,testuser,32,1
1059,szmv26,32,1
1062,nzzzlz,32,1
1064,nzzzlz,32,1
1067,mzl8yg,32,1
1070,DZ2MX6,32,1
1073,DZSVRD,32,1
1076,KZ70ZD,32,1
1527,QZPPGQ,32,1
1535,thedsase,32,1
1559,KZSF63,32,1
1563,YZC9YM,32,1
1209,rzg5bj,32,1
1213,zzqqc5,32,1
1478,mklucens,31,1
1638,CZTFXR,31,1
1462,monlucha,31,1
1469,smalla,31,1
1019,john,31,1
1020,mariella,31,1
1032,gmccuser,31,1
1034,JZQWLY,31,1
1035,JZQWLY,31,1
1036,JZV5T4,31,1
1037,GZPLFT,31,1
1038,RZ3LK1,31,1
1039,WZFR5D,31,1
1040,xztp6r,31,1
1041,chcasto,31,1
1043,ystaten,31,1
1044,caszalay,31,1
1045,bdenman,31,1
1046,XZ354Z,31,1
1566,sschnbrg,31,1
1578,alexey,31,1
1300,FZX5BQ,31,1
1715,MZ99XQ,31,1
1595,jchristina,30,1
1463,monlucha,30,1
1443,ZZZB1D,30,1
1603,kbalboa,30,1
1783,JZ07JW,30,1
1646,VZ399Q,30,1
1679,VZWXBZ,30,1
1737,LZBG4K,30,1
858,bikram,30,1
859,jnwilson,30,1
860,devsmith,30,1
861,mklucens,30,1
864,chcasto,30,1
865,sz778s,30,1
866,VZTRBD,30,1
867,GZMDJ0,30,1
868,qzvhc8,30,1
869,john,30,1
870,mary,30,1
873,mary,30,1
876,mary,30,1
879,mary,30,1
882,lwissman,30,1
884,dtatarek,30,1
890,creese,30,1
1787,JZ07JW,30,1
911,jbeaudon,30,1
1794,WZQ5CS,30,1
931,michael,30,1
1799,CZMQY9,30,1
947,michael,30,1
977,cbridges,30,1
1470,smalla,30,1
986,SZS7GW,30,1
996,NZK0RD,30,1
1021,XZ354Z,30,1
1510,nedaik,30,1
1517,shonkaj,30,1
1532,thedsase,30,1
1553,SZRYBF,30,1
1567,sschnbrg,30,1
1579,alexey,30,1
1184,ZZF8RQ,30,1
1191,ZZC49C,30,1
1194,CZN7LX,30,1
1612,acommins,30,1
1199,JZ4RVQ,30,1
1204,LZ32GW,30,1
1633,XZ9PKB,30,1
1643,caszalay,30,1
1642,caszaly,30,1
1724,lzqrw8,30,1
1759,jluludis,30,1
1730,lzvpnx,30,1
1674,BZ3JGX,30,1
927,michael,29,1
943,michael,29,1
1574,alexey,29,1
1684,TZC408,29,1
843,lclgmx01,28,1
849,BZYYTR,28,1
932,michael,28,1
948,michael,28,1
1580,alexey,28,1
568,sandomot,27,1
571,aauto,27,1
573,advauto1,27,1
575,autcty11,27,1
577,autocen1,27,1
579,barbads1,27,1
582,butrmot1,27,1
583,butrmot1,27,1
585,cofsthc1,27,1
587,corpcos1,27,1
589,costric1,27,1
591,grpnicg1,27,1
593,grpslba1,27,1
595,haitis11,27,1
597,hondur11,27,1
599,nassmot1,27,1
601,realaut1,27,1
603,stlucia1,27,1
605,strnaut1,27,1
607,trndadt1,27,1
608,trndadt1,27,1
609,trndadt1,27,1
611,paramar1,27,1
612,bermuda1,27,1
614,jeethu,27,1
615,bikram,27,1
648,bdenman,27,1
654,caszaly,27,1
657,caszaly,27,1
669,john,27,1
670,john,27,1
684,jnwilson,27,1
694,devsmith,27,1
705,lwissman,27,1
1581,alexey,27,1
748,caszalay,27,1
872,mary,27,1
875,mary,27,1
878,mary,27,1
881,mary,27,1
933,michael,27,1
949,michael,27,1
990,xztp6r,27,1
1533,thedsase,27,1
1804,FZC215,26,1
506,bikram,26,1
507,john,26,1
508,mklucens,26,1
510,mariella,26,1
512,mariella,26,1
513,jzldxn1,26,1
517,qzvggg,26,1
1588,alexey,26,1
1706,baruab,26,1
651,bdenman,26,1
655,caszaly,26,1
658,caszaly,26,1
665,XZ354Z,26,1
686,jnwilson,26,1
696,devsmith,26,1
707,lwissman,26,1
751,caszalay,26,1
871,mary,26,1
874,mary,26,1
877,mary,26,1
880,mary,26,1
938,michael,26,1
954,michael,26,1
980,cbridges,26,1
1827,VZ5SQW,26,1
1822,TZHYSH,26,1
1536,thedsase,26,1
1692,JZR9NS,26,1
1687,JJZR9NS,26,1
1764,jluludis,26,1
1647,VZ399Q,25,1
1608,kbalboa,25,1
1459,JZBNK8,25,1
486,mary,25,1
487,bikram,25,1
488,mariella,25,1
490,mklucens,25,1
494,mklucens,25,1
496,mklucens,25,1
502,john,25,1
503,dtatarek,25,1
1639,CZTFXR,25,1
1464,monlucha,25,1
626,caszaly,25,1
649,bdenman,25,1
664,XZ354Z,25,1
671,JZV5T4,25,1
672,tzxjzq,25,1
673,FZFW0F,25,1
674,KZVCP0,25,1
675,DZJ5TS,25,1
676,GZPLFT,25,1
677,MZBRC7,25,1
678,CZ1MYR,25,1
679,GZMDJ0,25,1
685,jnwilson,25,1
1520,shonkaj,25,1
695,devsmith,25,1
706,lwissman,25,1
717,PZRFMG,25,1
722,JZXGFH,25,1
1584,alexey,25,1
737,NZ28TZ,25,1
742,HZ2M76,25,1
749,caszalay,25,1
765,GZGBCT,25,1
770,RZD03X,25,1
775,CZGMTB,25,1
780,QZ9NP7,25,1
785,DZ8XBD,25,1
1620,Iyatshyn,25,1
790,LZQK5F,25,1
795,DZQP1T,25,1
800,WZN6T9,25,1
804,WZN6T9,25,1
1719,NZSKK2,25,1
809,Wzg5b5,25,1
814,GZ5L4S,25,1
818,GZ5L4S,25,1
823,VZ4C13,25,1
828,nzbtj8,25,1
833,chcasto,25,1
891,creese,25,1
912,jbeaudon,25,1
917,S2L59R,25,1
924,RZ3LK1,25,1
935,michael,25,1
951,michael,25,1
962,chris,25,1
965,WZFR5D,25,1
971,YZ7D8T,25,1
974,jeethu,25,1
978,cbridges,25,1
1471,smalla,25,1
993,NZK0RD,25,1
1005,mztp0x,25,1
1050,developer,25,1
1485,QZDJ2D,25,1
1511,nedaik,25,1
1087,CZVSX0,25,1
1534,thedsase,25,1
1568,sschnbrg,25,1
1164,FZYZVD,25,1
1599,jchristina,25,1
1239,qzvhc8,25,1
1614,acommins,25,1
1302,FZX5BQ,25,1
1705,baruab,25,1
1716,MZ99XQ,25,1
1762,jluludis,25,1
489,mklucens,24,1
1583,alexey,24,1
934,michael,24,1
950,michael,24,1
1399,wrieouph,23,1
1552,SZRYBF,23,1
1411,ipcuser13,23,1
1397,mlnjqemb,23,1
1409,ipcuser12,23,1
1780,latfatar,23,1
1793,WZQ5CS,23,1
1401,apmvfaof,23,1
1626,XZ3D0S,23,1
384,rob,23,1
1575,alexey,23,1
409,hnyyang,23,1
411,bhannah,23,1
413,rbuchzgr,23,1
427,mary,23,1
433,mklucens,23,1
434,john,23,1
436,gmuser,23,1
1436,LZ2GFB,23,1
1798,CZMQY9,23,1
444,drawat,23,1
1417,pxygwrhq,23,1
447,tzxjzq,23,1
1803,FZC215,23,1
451,vzz2v3,23,1
1454,hjfdxldn,23,1
464,chcasto,23,1
1826,VZ5SQW,23,1
470,ystaten,23,1
1475,QZ5C3X,23,1
499,jzldxn1,23,1
505,mexdealer,23,1
509,mariella,23,1
511,mariella,23,1
515,qzvggg,23,1
520,FZFW0F,23,1
524,KZVCP0,23,1
528,JZV5T4,23,1
1632,XZ9PKB,23,1
532,DZJ5TS,23,1
537,MZBRC7,23,1
543,CZ1MYR,23,1
546,GZMDJ0,23,1
549,GZ2MZM,23,1
552,GZPLFT,23,1
556,hz66nn,23,1
1753,GZ2C5K,23,1
560,tzjk5j,23,1
1743,VZ4JS4,23,1
564,vz3178,23,1
1782,JZ07JW,23,1
1415,jkpsqxcv,23,1
1413,swdkhkzy,23,1
1422,ydyscmlg,23,1
1429,wmngydqg,23,1
1426,deuomjgf,23,1
1420,jjgqfsct,23,1
1407,ipcuser11,23,1
1786,JZ07JW,23,1
1440,ZZZB1D,23,1
1445,Kerish01,23,1
1424,toxwgatd,23,1
617,JZQWLY,23,1
621,RZSMK4,23,1
628,caszaly,23,1
1456,JZBNK8,23,1
647,bdenman,23,1
1453,kerish1,23,1
661,XZ354Z,23,1
1487,ipcuser1,23,1
682,jnwilson,23,1
692,devsmith,23,1
702,lwissman,23,1
712,qzvhc8,23,1
1565,sschnbrg,23,1
716,PZRFMG,23,1
721,JZXGFH,23,1
726,dealer32244,23,1
1493,testuser,23,1
728,jpndealer,23,1
732,BZMT7R50,23,1
733,PZSXJF,23,1
734,YZKQZJ,23,1
736,NZ28TZ,23,1
741,HZ2M76,23,1
746,caszalay,23,1
764,GZGBCT,23,1
769,RZD03X,23,1
774,CZGMTB,23,1
779,QZ9NP7,23,1
784,DZ8XBD,23,1
789,LZQK5F,23,1
794,DZQP1T,23,1
799,WZN6T9,23,1
803,WZN6T9,23,1
808,Wzg5b5,23,1
1710,DZ34DP,23,1
813,GZ5L4S,23,1
817,GZ5L4S,23,1
822,VZ4C13,23,1
827,nzbtj8,23,1
835,BZJ1F8,23,1
1752,LZBL6G,23,1
839,rzlmlp,23,1
845,kzvhbg,23,1
1736,LZBG4K,23,1
1686,JJZR9NS,23,1
851,sz778s,23,1
855,VZTRBD,23,1
1418,mvlrcrxc,23,1
888,creese,23,1
1405,ofwgsdtx,23,1
909,jbeaudon,23,1
1791,zzbhm3,23,1
916,S2L59R,23,1
921,RZ3LK1,23,1
1403,boxgkmnl,23,1
928,michael,23,1
944,michael,23,1
959,NZQVGB,23,1
1461,monlucha,23,1
1819,dtatarek,23,1
964,WZFR5D,23,1
1449,CZKYW5,23,1
969,YZ7D8T,23,1
973,jeethu,23,1
1468,smalla,23,1
976,cbridges,23,1
1821,TZHYSH,23,1
985,SZS7GW,23,1
992,NZK0RD,23,1
998,lzfk46,23,1
1000,cz4p81,23,1
1002,FZJMZF,23,1
1004,mztp0x,23,1
1447,RZ3TKB,23,1
1023,wz0sgf,23,1
1052,tz151x,23,1
1054,LZXDDQ,23,1
1056,NZNMNJ,23,1
1058,szmv26,23,1
1061,nzzzlz,23,1
1063,nzzzlz,23,1
1066,mzl8yg,23,1
1069,DZ2MX6,23,1
1508,nedaik,23,1
1072,DZSVRD,23,1
1075,KZ70ZD,23,1
1078,RZL9G4,23,1
1080,CZ1HCV,23,1
1082,qz9slg,23,1
1084,hz3n74,23,1
1086,CZVSX0,23,1
1482,QZDJ2D,23,1
1091,mabdelty,23,1
1525,QZPPGQ,23,1
1523,DZMNH2,23,1
1530,thedsase,23,1
1101,zzkykv,23,1
1102,mzdbf9,23,1
1103,sz7b3y50,23,1
1104,mzqy3q50,23,1
1106,qzjftj50,23,1
1107,fz2gns,23,1
1108,wzrpzh,23,1
1109,vzqpcr50,23,1
1110,fzgfsj,23,1
1113,xz8f1j,23,1
1115,SZWDGH50,23,1
1117,rmaldonado50,23,1
1515,shonkaj,23,1
1119,KAT2435,23,1
1120,KAT2435,23,1
1121,KAT2435,23,1
1123,QZ93B1,23,1
1125,GZ1Z62,23,1
1126,FZFJXX,23,1
1557,KZSF63,23,1
1128,ZZMGBD,23,1
1561,YZC9YM,23,1
1130,KZR2MB,23,1
1132,khirata,23,1
1134,DZRH56,23,1
1136,mznkcc50,23,1
1138,NZ7G5K,23,1
1140,FZ8XG0,23,1
1142,HZQMB2,23,1
1144,XZZN0R,23,1
1146,VZRR2Y,23,1
1148,RZD1MZ,23,1
1150,CZBLJG,23,1
1152,CZTBSH,23,1
1155,LZXCWB,23,1
1156,HZMTTG,23,1
1480,ZZ2X76,23,1
1158,SZDYVB,23,1
1160,VZRS0B,23,1
1162,FZYZVD,23,1
1167,LZDGZ5,23,1
1169,JZ908G,23,1
1171,hzgycc50,23,1
1593,jchristina,23,1
1173,MZZ7R5,23,1
1175,szg23t,23,1
1177,tom50,23,1
1179,XZHBR8,23,1
1181,welbana,23,1
1601,kbalboa,23,1
1183,ZZF8RQ,23,1
1610,acommins,23,1
1188,ZZC49C,23,1
1193,CZN7LX,23,1
1198,JZ4RVQ,23,1
1203,LZ32GW,23,1
1208,rzg5bj,23,1
1212,zzqqc5,23,1
1215,TZ7F19,23,1
1218,TZ7F19,23,1
1617,Iyatshyn,23,1
1222,awilkowk,23,1
1624,BZBC2W,23,1
1224,aschweng,23,1
1628,HZ1YG0,23,1
1226,sipekek,23,1
1228,QZM244,23,1
1230,nabujamous,23,1
1232,amrsedky,23,1
1234,JZNDTJ,23,1
1637,CZTFXR,23,1
1236,LZV6VP,23,1
1238,BZWRHY,23,1
1241,GZ9PL0,23,1
1247,iydrymiu,23,1
1249,auoviblf,23,1
1251,rewjmugk,23,1
1253,xamylxfi,23,1
1645,VZ399Q,23,1
1255,embicqtj,23,1
1257,lgppalmn,23,1
1259,vysmasru,23,1
1261,tnbjvlnj,23,1
1651,NZZ1GX,23,1
1263,mxurojki,23,1
1265,aooonphj,23,1
1267,myqmnuvm,23,1
1269,svnbrchj,23,1
1271,leeypbti,23,1
1273,psqprjur,23,1
1673,BZ3JGX,23,1
1275,hpyjjxls,23,1
1277,klcinqkg,23,1
1279,doflfoum,23,1
1281,bsrfaius,23,1
1283,ijxbvnvb,23,1
1285,aunqauoa,23,1
1287,blxqohwe,23,1
1290,lidikwjs,23,1
1291,vbygxnky,23,1
1678,VZWXBZ,23,1
1293,bkjiaimm,23,1
1295,ytnyevnq,23,1
1691,JZR9NS,23,1
1297,opbsxoxt,23,1
1299,FZX5BQ,23,1
1305,guiaeaui,23,1
1702,baruab,23,1
1307,bdblxpvk,23,1
1696,WZX2D4,23,1
1309,qrsyutgp,23,1
1311,nseymjpw,23,1
1313,owojwlci,23,1
1315,rqubndnc,23,1
1708,TZG7H7,23,1
1317,xekpvojb,23,1
1319,wvmjbidx,23,1
1321,eyrkblaw,23,1
1323,dnbevjfn,23,1
1325,wnwsclus,23,1
1712,MZ99XQ,23,1
1327,cwiwnjwe,23,1
1329,bbyracyv,23,1
1723,lzqrw8,23,1
1331,ubqdupks,23,1
1333,bafxectn,23,1
1718,NZSKK2,23,1
1335,bbnradte,23,1
1337,ddgikeeo,23,1
1339,qwfblxrt,23,1
1341,orxtobse,23,1
1343,burgenmk,23,1
1345,sdmwbkkm,23,1
1347,siteujkp,23,1
1349,ncxfkbmr,23,1
1351,ifcqlvbq,23,1
1353,uukidoud,23,1
1745,HZTVHN,23,1
1355,hifxkvhj,23,1
1744,NZSV21,23,1
1357,pfborbjs,23,1
1359,ujqdoyry,23,1
1732,SZYDFL,23,1
1361,ovfbidcj,23,1
1757,jluludis,23,1
1363,ulgworgn,23,1
1754,LZC600,23,1
1365,toyoibqs,23,1
1751,LZBL6G,23,1
1367,kklhfnok,23,1
1369,horvbwcp,23,1
1370,horvbwcp,23,1
1372,pmnhtquq,23,1
1374,ytelfpud,23,1
1376,wjeslkoh,23,1
1747,WZMZK7,23,1
1378,sjcovrpi,23,1
1731,lzvpnx,23,1
1380,txfwmfbk,23,1
1382,fcrbswnk,23,1
1768,NZWL00,23,1
1384,ondkhhxj,23,1
1386,lgcaawte,23,1
1388,lwjwfajn,23,1
1390,nqjcwnmr,23,1
1392,hdbbnebc,23,1
1394,tjgisdkm,23,1
339,banushn,22,1
340,foleydawdy,22,1
341,hamiltong,22,1
342,hurleya,22,1
343,john,22,1
344,kendallc,22,1
345,mariella,22,1
361,dtatarek,22,1
388,amercado,22,1
405,lledesma,22,1
417,mcawley,22,1
425,bikram,22,1
431,mary,22,1
440,gmuser,22,1
493,mklucens,22,1
495,mklucens,22,1
497,mklucens,22,1
653,bdenman,22,1
656,caszaly,22,1
659,caszaly,22,1
668,XZ354Z,22,1
687,jnwilson,22,1
699,devsmith,22,1
708,lwissman,22,1
753,caszalay,22,1
939,michael,22,1
955,michael,22,1
961,chris,22,1
981,cbridges,22,1
1537,thedsase,22,1
1589,alexey,22,1
1605,kbalboa,22,1
1766,jluludis,22,1
365,mary,21,1
366,banushn,21,1
367,bikram,21,1
368,dfyuser,21,1
369,dtatarek,21,1
370,fmsall,21,1
371,foleydawdy,21,1
372,hamiltong,21,1
373,hurleya,21,1
374,issac,21,1
375,john,21,1
376,kendallc,21,1
377,lowryc,21,1
378,manas,21,1
379,mariella,21,1
382,mklucens,21,1
383,princi,21,1
387,amercado,21,1
394,trump,21,1
398,santanae,21,1
403,lledesma,21,1
415,mcawley,21,1
421,kharrson,21,1
1434,XZ354Z,21,1
681,jnwilson,21,1
691,devsmith,21,1
701,lwissman,21,1
1573,alexey,21,1
926,michael,21,1
942,michael,21,1
1529,thedsase,21,1
1438,LZ2GFB,20,1
1519,shonkaj,20,1
1681,VZWXBZ,20,1
302,banushn,20,1
303,bikram,20,1
304,foleydawdy,20,1
305,hamiltong,20,1
306,hurleya,20,1
307,hurleya,20,1
308,john,20,1
309,kendallc,20,1
310,lowryc,20,1
312,mariella,20,1
314,mary,20,1
338,mklucens,20,1
359,dtatarek,20,1
364,manas,20,1
390,amercado,20,1
1484,QZDJ2D,20,1
401,santanae,20,1
407,lledesma,20,1
419,mcawley,20,1
423,kharrson,20,1
1789,JZ07JW,20,1
441,gmuser,20,1
449,tzxjzq,20,1
453,vzz2v3,20,1
467,chcasto,20,1
474,ystaten,20,1
1451,CZKYW5,20,1
501,jzldxn1,20,1
518,qzvggg,20,1
522,FZFW0F,20,1
526,KZVCP0,20,1
530,JZV5T4,20,1
534,DZJ5TS,20,1
539,MZBRC7,20,1
545,CZ1MYR,20,1
548,GZMDJ0,20,1
551,GZ2MZM,20,1
554,GZPLFT,20,1
1689,JJZR9NS,20,1
558,hz66nn,20,1
562,tzjk5j,20,1
566,vz3178,20,1
1734,lzfk46,20,1
1801,CZMQY9,20,1
1442,ZZZB1D,20,1
619,JZQWLY,20,1
623,RZSMK4,20,1
1458,JZBNK8,20,1
627,caszaly,20,1
1824,TZHYSH,20,1
652,bdenman,20,1
667,XZ354Z,20,1
689,jnwilson,20,1
698,devsmith,20,1
1539,thedsase,20,1
710,lwissman,20,1
714,qzvhc8,20,1
719,PZRFMG,20,1
1554,SZRYBF,20,1
724,JZXGFH,20,1
1607,kbalboa,20,1
739,NZ28TZ,20,1
744,HZ2M76,20,1
752,caszalay,20,1
767,GZGBCT,20,1
772,RZD03X,20,1
777,CZGMTB,20,1
782,QZ9NP7,20,1
1649,VZ399Q,20,1
787,DZ8XBD,20,1
792,LZQK5F,20,1
797,DZQP1T,20,1
1726,lzqrw8,20,1
802,WZN6T9,20,1
806,WZN6T9,20,1
811,Wzg5b5,20,1
816,GZ5L4S,20,1
820,GZ5L4S,20,1
825,VZ4C13,20,1
830,nzbtj8,20,1
837,BZJ1F8,20,1
841,rzlmlp,20,1
847,kzvhbg,20,1
853,sz778s,20,1
857,VZTRBD,20,1
893,creese,20,1
914,jbeaudon,20,1
919,S2L59R,20,1
1796,WZQ5CS,20,1
923,RZ3LK1,20,1
941,michael,20,1
1806,FZC215,20,1
957,michael,20,1
967,WZFR5D,20,1
972,YZ7D8T,20,1
982,cbridges,20,1
988,SZS7GW,20,1
1466,monlucha,20,1
1785,JZ07JW,20,1
1829,VZ5SQW,20,1
995,NZK0RD,20,1
1473,smalla,20,1
1477,QZ5C3X,20,1
1007,mztp0x,20,1
1089,CZVSX0,20,1
1570,sschnbrg,20,1
1513,nedaik,20,1
1165,FZYZVD,20,1
1598,jchristina,20,1
1591,alexey,20,1
1186,ZZF8RQ,20,1
1190,ZZC49C,20,1
1196,CZN7LX,20,1
1201,JZ4RVQ,20,1
1206,LZ32GW,20,1
1216,TZ7F19,20,1
1219,TZ7F19,20,1
1622,Iyatshyn,20,1
1616,acommins,20,1
1630,HZ1YG0,20,1
1641,CZTFXR,20,1
1244,GZ9PL0,20,1
1635,XZ9PKB,20,1
1303,FZX5BQ,20,1
1694,JZR9NS,20,1
1676,BZ3JGX,20,1
1714,MZ99XQ,20,1
1704,baruab,20,1
1721,NZSKK2,20,1
1729,lzvpnx,20,1
1739,LZBG4K,20,1
1765,jluludis,20,1
266,bikram,19,1
430,mary,19,1
492,mklucens,19,1
1587,alexey,19,1
937,michael,19,1
953,michael,19,1
429,mary,18,1
483,abc,18,1
491,mklucens,18,1
936,michael,18,1
952,michael,18,1
1586,alexey,18,1
262,mariella,17,1
271,mklucens,17,1
274,dfyuser,17,1
283,kendallc,17,1
286,hamiltong,17,1
289,foleydawdy,17,1
292,banushn,17,1
295,lowryc,17,1
298,hurleya,17,1
300,bikram,17,1
322,john,17,1
334,mary,17,1
358,dtatarek,17,1
391,amercado,17,1
399,santanae,17,1
404,lledesma,17,1
416,mcawley,17,1
438,gmuser,17,1
1531,thedsase,17,1
1618,Iyatshyn,17,1
662,XZ354Z,17,1
683,jnwilson,17,1
693,devsmith,17,1
704,lwissman,17,1
1594,jchristina,17,1
1602,kbalboa,17,1
747,caszalay,17,1
889,creese,17,1
910,jbeaudon,17,1
930,michael,17,1
946,michael,17,1
1509,nedaik,17,1
1516,shonkaj,17,1
1611,acommins,17,1
1659,sschnbrg,17,1
1577,alexey,17,1
1758,jluludis,17,1
263,john,16,1
269,mklucens,16,1
393,trump,16,1
426,bikram,16,1
428,mary,16,1
437,gmuser,16,1
445,drawat,16,1
703,lwissman,16,1
1432,XZ354Z,16,1
929,michael,16,1
945,michael,16,1
1576,alexey,16,1
270,mklucens,15,1
272,dfyuser,15,1
285,hamiltong,15,1
288,foleydawdy,15,1
291,banushn,15,1
294,lowryc,15,1
321,john,15,1
333,mary,15,1
357,dtatarek,15,1
389,amercado,15,1
400,santanae,15,1
406,lledesma,15,1
418,mcawley,15,1
1720,NZSKK2,15,1
422,kharrson,15,1
473,ystaten,15,1
500,jzldxn1,15,1
516,qzvggg,15,1
521,FZFW0F,15,1
525,KZVCP0,15,1
529,JZV5T4,15,1
533,DZJ5TS,15,1
538,MZBRC7,15,1
544,CZ1MYR,15,1
547,GZMDJ0,15,1
550,GZ2MZM,15,1
553,GZPLFT,15,1
557,hz66nn,15,1
561,tzjk5j,15,1
565,vz3178,15,1
1680,VZWXBZ,15,1
666,XZ354Z,15,1
688,jnwilson,15,1
697,devsmith,15,1
709,lwissman,15,1
713,qzvhc8,15,1
718,PZRFMG,15,1
723,JZXGFH,15,1
1518,shonkaj,15,1
738,NZ28TZ,15,1
743,HZ2M76,15,1
750,caszalay,15,1
1634,XZ9PKB,15,1
766,GZGBCT,15,1
1621,Iyatshyn,15,1
771,RZD03X,15,1
776,CZGMTB,15,1
781,QZ9NP7,15,1
786,DZ8XBD,15,1
791,LZQK5F,15,1
796,DZQP1T,15,1
801,WZN6T9,15,1
805,WZN6T9,15,1
810,Wzg5b5,15,1
815,GZ5L4S,15,1
819,GZ5L4S,15,1
824,VZ4C13,15,1
1763,jluludis,15,1
829,nzbtj8,15,1
836,BZJ1F8,15,1
840,rzlmlp,15,1
846,kzvhbg,15,1
852,sz778s,15,1
1590,alexey,15,1
856,VZTRBD,15,1
1472,smalla,15,1
1006,mztp0x,15,1
1033,gmccuser,15,1
1049,developer,15,1
1483,QZDJ2D,15,1
1512,nedaik,15,1
1088,CZVSX0,15,1
1538,thedsase,15,1
1555,SZRYBF,15,1
1569,sschnbrg,15,1
1163,FZYZVD,15,1
1597,jchristina,15,1
1185,ZZF8RQ,15,1
1189,ZZC49C,15,1
1606,kbalboa,15,1
1195,CZN7LX,15,1
1200,JZ4RVQ,15,1
1205,LZ32GW,15,1
1217,TZ7F19,15,1
1220,TZ7F19,15,1
1640,CZTFXR,15,1
1243,GZ9PL0,15,1
1629,HZ1YG0,15,1
1615,acommins,15,1
1648,VZ399Q,15,1
1688,JJZR9NS,15,1
1301,FZX5BQ,15,1
1693,JZR9NS,15,1
1713,MZ99XQ,15,1
1725,lzqrw8,15,1
1728,lzvpnx,15,1
1703,baruab,15,1
1675,BZ3JGX,15,1
1733,lzfk46,15,1
