username,userid
aauto,295
abc,277
acommins,583
advauto1,296
alexey,580
amercado,256
amrsedky,455
aooonphj,471
apmvfaof,537
aschweng,451
aunqauoa,481
auoviblf,463
autcty11,297
autocen1,298
awilkowk,450
bafxectn,503
banushn,251
barbads1,299
baruab,606
bbnradte,504
bbyracyv,501
bdblxpvk,490
bdenman,320
bermuda1,300
bhannah,264
bikram,233
bilfaiz,359
bkjiaimm,485
blxqohwe,482
boxgkmnl,538
bridnash,633
bsrfaius,479
burgenmk,508
butrmot1,301
BZ3JGX,600
BZBC2W,584
BZJ1F8,349
BZMT7R50,330
BZWRHY,459
BZYYTR,353
caszalay,335
caszaly,318
cbridges,369
CBWYRZ,599
chcasto,274
chris,365
cofsthc1,302
corpcos1,303
costric1,304
creese,357
cwiwnjwe,500
CWKPSZ,598
CZ1HCV,393
CZ1MYR,289
cz4p81,375
CZBLJG,426
CZGMTB,339
CZKYW5,556
CZMQY9,630
CZN7LX,444
CZPLBC,595
CZTBSH,427
CZTFXR,591
CZVSX0,396
ddgikeeo,505
dealer32244,328
deuomjgf,549
developer,382
devsmith,323
dfyuser,243
dnbevjfn,498
doflfoum,478
drawat,270
dtatarek,257
DZ2MX6,389
DZ34DP,608
DZ8XBD,341
DZJ5TS,286
DZMNH2,571
DZQP1T,343
DZRH56,418
DZSVRD,390
embicqtj,466
EXCHND,625
eyrkblaw,497
fcrbswnk,527
fmsall,224
foleydawdy,250
fz2gns,404
FZ8XG0,421
FZC215,631
FZFJXX,370
FZFW0F,283
fzgfsj,403
FZJMZF,376
FZX5BQ,488
FZYZVD,432
gmccuser,381
gmspcmov,632
gmuser,269
grpnicg1,305
grpslba1,306
guiaeaui,489
GZ1Z62,413
GZ2C5K,617
GZ2MZM,291
GZ5L4S,346
GZ9PL0,461
GZGBCT,337
GZMDJ0,290
GZPLFT,287
haitis11,307
hamiltong,249
hdbbnebc,532
hifxkvhj,514
hjfdxldn,550
hnyyang,263
hondur11,308
horvbwcp,521
hpyjjxls,476
hurleya,253
HZ1YG0,586
HZ2M76,334
hz3n74,395
hz66nn,292
hzgycc50,435
HZMTTG,429
HZQMB2,422
HZTVHN,614
ifcqlvbq,512
ijxbvnvb,480
ipcuser1,565
ipcuser11,540
ipcuser12,541
ipcuser13,542
issac,242
Iyatshyn,336
iydrymiu,462
jbeaudon,360
jchristina,581
jeethu,315
jjgqfsct,546
JJZR9NS,602
jkpsqxcv,544
jluludis,619
JMHXGX,621
jnwilson,322
john,234
jpndealer,329
JZ07JW,627
JZ4RVQ,445
JZ908G,434
JZBNK8,559
jzldxn1,279
JZNDTJ,457
JZQWLY,316
JZR9NS,603
JZV5T4,285
JZXGFH,327
KAT2435,411
kbalboa,582
kendallc,248
Kerish01,554
kerish1,558
kharrson,267
khirata,417
kklhfnok,520
klcinqkg,477
krskucyk,634
KZ70ZD,391
KZR2MB,416
KZSF63,577
KZVCP0,284
kzvhbg,352
latfatar,626
lclgmx01,351
leeypbti,474
lgcaawte,529
lgppalmn,467
lidikwjs,483
lledesma,262
LNHNUA,622
lowryc,252
lwissman,324
lwjwfajn,530
LZ2GFB,552
LZ32GW,446
LZBG4K,611
LZBL6G,616
LZC600,618
LZDGZ5,433
lzfk46,374
LZQK5F,342
lzqrw8,378
LZV6VP,458
lzvpnx,379
LZXCWB,428
LZXDDQ,384
mabdelty,397
manas,236
mariella,235
martinb,247
mary,237
mcawley,266
mchleo,254
mcpagel,273
meera,268
mexdealer,280
michael,363
mklucens,245
mlnjqemb,535
MNQSCB,624
monlucha,560
mvlrcrxc,534
mxurojki,470
myqmnuvm,472
MZ99XQ,609
MZBRC7,288
mzdbf9,399
mzl8yg,388
mznkcc50,419
mzqy3q50,401
mztp0x,377
MZZ7R5,437
nabujamous,454
nassmot1,309
nboerner,635
ncxfkbmr,511
nedaiik,567
nedaik,568
nqjcwnmr,531
nseymjpw,492
NZ28TZ,333
NZ7G5K,420
nzbtj8,348
NZK0RD,373
NZNMNJ,385
NZQVGB,364
NZSKK2,610
NZSV21,613
NZWL00,620
NZZ1GX,594
nzzzlz,387
ofwgsdtx,539
ondkhhxj,528
opbsxoxt,487
orxtobse,507
ovfbidcj,517
owojwlci,493
paramar1,314
pfborbjs,515
pmnhtquq,522
princi,244
psansota,574
psqprjur,475
pxygwrhq,545
PZRFMG,326
PZSXJF,331
qrsyutgp,491
qwfblxrt,506
QZ5C3X,562
QZ93B1,412
QZ9NP7,340
qz9slg,394
QZDJ2D,564
qzjftj50,407
QZM244,453
QZPPGQ,572
qzvggg,281
qzvhc8,325
rbuchzgr,265
realaut1,310
rewjmugk,464
rmaldonado50,410
rob,238
rqubndnc,494
RZ3LK1,362
RZ3TKB,555
RZD03X,338
RZD1MZ,425
rzg5bj,447
RZL9G4,392
rzlmlp,350
RZSMK4,317
S2L59R,361
sandomot,278
santanae,261
sbughrara,276
sdmwbkkm,509
SGXCBC,597
shonkaj,569
sipekek,452
siteujkp,510
sjcovrpi,525
smalla,561
sschnbrg,579
ssohail,358
stlucia1,311
strnaut1,312
svnbrchj,473
swdkhkzy,543
sz778s,354
sz7b3y50,400
SZDYVB,430
szg23t,438
szmv26,386
SZRYBF,576
SZS7GW,371
SZWDGH50,409
SZYDFL,605
test50,402
testuser,566
thedsase,573
tjgisdkm,533
tnbjvlnj,469
tom50,439
torresk,246
toxwgatd,548
toyoibqs,519
trndadt1,313
trump,260
txfwmfbk,526
tz151x,383
TZ7F19,449
TZC408,596
TZG7H7,607
TZHYSH,637
tzjk5j,293
tzxjzq,271
ubqdupks,502
ujqdoyry,516
ulgworgn,518
uukidoud,513
vbygxnky,484
vysmasru,468
vz3178,294
VZ399Q,592
VZ4C13,347
VZ4JS4,612
VZ5SQW,638
vzqpcr50,406
VZRR2Y,424
VZRS0B,431
VZTRBD,355
VZWXBZ,601
vzz2v3,272
welbana,441
wjeslkoh,524
wmngydqg,551
wnwsclus,499
wrieouph,536
wvmjbidx,496
wz0sgf,380
WZFR5D,366
Wzg5b5,345
WZMZK7,615
WZN6T9,344
WZQ5CS,629
wzrpzh,405
WZX2D4,604
xamylxfi,465
xekpvojb,495
XZ354Z,321
XZ3D0S,585
xz8f1j,408
XZ9PKB,587
XZHBR8,440
xztp6r,372
XZZN0R,423
ydyscmlg,547
ystaten,275
ytelfpud,523
ytnyevnq,486
yvnleal,319
YXNPNG,623
YZ7D8T,367
YZC9YM,578
YZKQZJ,332
ZZ2X76,563
zzbhm3,628
ZZC49C,443
ZZF8RQ,442
zzkykv,398
ZZMGBD,415
zzqqc5,448
ZZZB1D,553
